{"cameraMode":{"drawMode":0,"name":"Shaded","section":"Shading Mode"},"sceneLighting":false,"audioPlay":false,"sceneViewState":{"showFog":true,"showMaterialUpdate":false,"showSkybox":true,"showFlares":true,"showImageEffects":true,"showParticleSystems":true},"in2DMode":false,"pivot":{"x":0.6831483840942383,"y":25.07286834716797,"z":90.0},"rotation":{"x":-0.014921801164746285,"y":0.977074384689331,"z":-0.1993955671787262,"w":-0.07312317192554474},"size":802.6113891601563,"orthographic":false}